Zuko	speaker	Zuko [Bows to Iroh.] Thank you, Uncle.	Iroh	referent
 Zuko	speaker	Zuko [Cut to a side-view of Zuko.] Please, Father. I only had the Fire Nation's best interest at heart. I'm sorry I spoke out of turn! [Slightly lowers his head.]	Ozai	referent
 Zuko	speaker	Zuko The helmsman!	Helms	referent
 Zuko	speaker	Zuko The Avatar!	Aang	referent
 Zuko	speaker	Zuko Uncle, I'm sorry.	Iroh	referent
 Zuko	speaker	Zuko I don't need your wisdom right now, Uncle.	Iroh	referent
 Zuko	speaker	Zuko Uncle, you don't have to say it.	Iroh	referent
 Zuko	speaker	Zuko [Faces his uncle, a softer expression on his face.] I know, Uncle. We'll meet again. [Iroh hugs him.] After I have the Avatar. [He turns away and gets on the boat.]	Iroh	referent
 Zuko	speaker	Zuko [Faces his uncle, a softer expression on his face.] I know, Uncle. We'll meet again. [Iroh hugs him.] After I have the Avatar. [He turns away and gets on the boat.]	Aang	referent
 Zuko	speaker	Zuko Finally! [He turns around to face another person in uniform, who sits at a small table.] Uncle, do you realize what this means?!	Iroh	referent
 Zuko	speaker	Zuko [Furiously, still facing Iroh.] I don't need any calming tea! I need to capture the Avatar! Helmsman, head a course for the light!	Aang	referent
 Zuko	speaker	Zuko [Furiously, still facing Iroh.] I don't need any calming tea! I need to capture the Avatar! Helmsman, head a course for the light!	Helms	referent
 Zuko	speaker	Zuko Uncle! Uncle, where are you?	Iroh	referent
 Zuko	speaker	Zuko Land doesn't slide uphill. Those rocks didn't move naturally. [Stands up straight.] My Uncle's been captured by earthbenders!	Iroh	referent
 Zuko	speaker	Zuko The Avatar! [He turns slightly, but looks back at the footprints.]	Aang	referent
 Zuko	speaker	Zuko Uncle ... [Switch to a close-up of Iroh with Zuko on the background.] I thought a lot about what you said.	Iroh	referent
 Zuko	speaker	Zuko ... Mom?	Ursa	referent
 Zuko	speaker	Zuko My name is Zuko. Son of Ursa and Fire Lord Ozai. Prince of the Fire Nation, and heir to the throne.	Ursa	referent
 Zuko	speaker	Zuko My name is Zuko. Son of Ursa and Fire Lord Ozai. Prince of the Fire Nation, and heir to the throne.	Ozai	referent
 Zuko	speaker	Zuko Mom? [Zuko leaps out of bed and runs out of his room down the hallway.] Mom? Mom!	Ursa	referent
 Zuko	speaker	Zuko Where's Mom?	Ursa	referent
 Zuko	speaker	Zuko Not funny, Azula! You're sick. And I want my knife back, now. [Zuko tries to grab it, but misses as Azula quickly moves out of the way, and loudly grunts.]	Azula	referent
 Zuko	speaker	Zuko Uncle?	Iroh	referent
 Zuko	speaker	Zuko I know my own destiny, Uncle!	Iroh	referent
 Zuko	speaker	Zuko Stop it, Uncle! I have to do this!	Iroh	referent
 Zuko	speaker	Zuko It's okay. I used to think this scar marked me. The mark of the banished prince, cursed to chase the Avatar forever. But lately, I've realized I'm free to determine my own destiny, even if I'll never be free of my mark.	Aang	referent
 Zuko	speaker	Zuko Uncle, I don't understand. What are you doing with the Avatar? [Points to Aang.]	Iroh	referent
 Zuko	speaker	Zuko Uncle, I don't understand. What are you doing with the Avatar? [Points to Aang.]	Aang	referent
 Zuko	speaker	Zuko [Hurt.] Why, Uncle?	Iroh	referent
 Zuko	speaker	Zuko I betrayed Uncle.	Iroh	referent
 Zuko	speaker	Zuko But I don't have the Avatar. What if Father doesn't restore my honor?	Aang	referent
 Zuko	speaker	Zuko But I don't have the Avatar. What if Father doesn't restore my honor?	Ozai	referent
 Zuko	speaker	Zuko [Turning around.] For so long I thought that if my dad accepted me, I'd be happy. I'm back home now, my dad talks to me. Ha! He even thinks I'm a hero. [Close-up of Azula, who smiles.] Everything should be perfect, right? [Aerial view of campsite.] I should be happy now, but I'm not. [Turning back to the others.] I'm angrier than ever and I don't know why!	Ozai	referent
 Zuko	speaker	Zuko First of all, in Ba Sing Se, it was Azula who took down the Avatar, not me.	Azula	referent
 Zuko	speaker	Zuko First of all, in Ba Sing Se, it was Azula who took down the Avatar, not me.	Aang	referent
 Zuko	speaker	Zuko Because the Avatar's not dead. He survived.	Aang	referent
 Zuko	speaker	Zuko But I've come to an even more important decision. [Closes eyes and momentarily pauses.] I'm going to join the Avatar and I'm going to help him defeat you.	Aang	referent
 Zuko	speaker	Zuko Because I know my own destiny. Taking you down is the Avatar's destiny. [Puts his swords away.] Goodbye.	Aang	referent
 Zuko	speaker	Zuko Listen, I know I didn't explain myself very well yesterday, I've been through a lot in the last few years, and it's been hard. But I'm realizing that I had to go through all those things to learn the truth. I thought I had lost my honor, and that somehow my father could return it to me. But I know now that no one can give you your honor. It's something you earn for yourself, by choosing to do what's right. All I want to do now is play my part in ending this war, and I know my destiny is to help you restore balance to the world. [To Toph.] I'm sorry for what I did to you. [Bows to her.] It was an accident. Fire can be dangerous and wild, so as a firebender, I need to be more careful and control my bending, so I don't hurt people unintentionally.	Ozai	referent
 Zuko	speaker	Zuko [Frontal view.] No, I'm not okay. My uncle hates me, I know it. [Katara sits down next to him.] He loved and supported me in every way he could, and I still turned against him. How can I even face him?	Iroh	referent
 Zuko	speaker	Zuko [Cut to view of Iroh from behind.] Uncle, [Cut to view of Zuko over Iroh's shoulder.] I know you must have mixed feelings about seeing me. [Cut briefly to view of Iroh from behind before back to a frontal view of Zuko.] But I want you to know, [Starts to cry.] I am so, so, sorry, Uncle. I am so sorry and ashamed of what I did. I don't know how I can ever make it up to you. But I'll- [He is cut off. Cut to side-view as Iroh pulls him into a hug, while starting to cry as well. Close-up of Iroh who starts to smile. Close-up of Zuko who becomes shocked and confused.] How can you forgive me so easily? I thought you would be furious with me.	Iroh	referent
 Zuko	speaker	Zuko It wasn't that hard, Uncle. You have a pretty strong scent.	Iroh	referent
 Zuko	speaker	Zuko Please. The real hero is the Avatar. [Aang walks next to Zuko. Crowd cheers again. Aang turns his head slightly. Cut to side-view of Katara. The camera rotates as she smiles up at Aang proudly. Cut to overhead view of Aang and Zuko, their backs to the camera, looking out at the crowd.] Today this war is finally over! [Cut briefly to Haru, Tyro, Mechanist and Teo as the crowd cheers. Cut to front view of Zuko.] I promised my uncle that I would restore the honor of the Fire Nation. And I will. [Panning front view of Zuko and Aang, as seen from the crowd's perspective.] The road ahead of us is challenging. A hundred years of fighting has left the world scarred and divided. [Cut to side shot of Aang, rotating around, as he turns to see Zuko smile at him, before turning back to the crowd.] But with the Avatar's help, we can get it back on the right path and begin a new era of love and peace.	Aang	referent
 Zuko	speaker	Zuko Please. The real hero is the Avatar. [Aang walks next to Zuko. Crowd cheers again. Aang turns his head slightly. Cut to side-view of Katara. The camera rotates as she smiles up at Aang proudly. Cut to overhead view of Aang and Zuko, their backs to the camera, looking out at the crowd.] Today this war is finally over! [Cut briefly to Haru, Tyro, Mechanist and Teo as the crowd cheers. Cut to front view of Zuko.] I promised my uncle that I would restore the honor of the Fire Nation. And I will. [Panning front view of Zuko and Aang, as seen from the crowd's perspective.] The road ahead of us is challenging. A hundred years of fighting has left the world scarred and divided. [Cut to side shot of Aang, rotating around, as he turns to see Zuko smile at him, before turning back to the crowd.] But with the Avatar's help, we can get it back on the right path and begin a new era of love and peace.	Iroh	referent
 Zuko	speaker	ZukoThrowing the tied-up Aang aside who yelps. Here for a rematch?	Aang	referent
 Zuko	speaker	ZukoListen, I know I didn't explain myself very well yesterday, I've been through a lot in the last few years, and it's been hard. But I'm realizing that I had to go through all those things to learn the truth. I thought I had lost my honor, and that somehow my father could return it to me. But I know now that no one can give you your honor. It's something you earn for yourself, by choosing to do what's right. All I want to do now is play my part in ending this war, and I know my destiny is to help you restore balance to the world. To Toph. I'm sorry for what I did to you. Bows to her. It was an accident. Fire can be dangerous and wild, so as a firebender, I need to be more careful and control my bending, so I don't hurt people unintentionally.	Toph	referent
 Zuko	speaker	ZukoBows. Thank you. I'm so happy you've accepted me into your group.	Than	referent
 Zuko	speaker	ZukoCut to Zuko. I can't believe there are still living dragons. My uncle Iroh said he faced the last dragon and killed it.	Zuko	referent
 Zuko	speaker	ZukoCut to Zuko. I can't believe there are still living dragons. My uncle Iroh said he faced the last dragon and killed it.	Iroh	referent
 Zuko	speaker	ZukoThat's why my firebending was so weak before. Because for so many years, hunting you Turns toward Aang as screen zooms out to show Aang. was my drive ... it was my purpose. Aang turns toward Zuko as well. So when I joined you, I lost sight of my inner fire. But now, I have a new drive. Cut to Zuko's face as screen zooms in. I have to help you defeat my father and restore balance to the world.	Aang	referent
 Zuko	speaker	ZukoThat's why my firebending was so weak before. Because for so many years, hunting you Turns toward Aang as screen zooms out to show Aang. was my drive ... it was my purpose. Aang turns toward Zuko as well. So when I joined you, I lost sight of my inner fire. But now, I have a new drive. Cut to Zuko's face as screen zooms in. I have to help you defeat my father and restore balance to the world.	Zuko	referent
 Iroh	speaker	Iroh [Places his hands on Zuko's shoulders.] Prince Zuko, what's wrong?	Zuko	referent
 Iroh	speaker	Iroh After Zuko's outburst in the meeting, the Fire Lord became very angry with him. [Flashback quickly ends.] He said the challenge against the general was an act of complete disrespect! And there was only one way to resolve this.	Zuko	referent
 Iroh	speaker	Iroh After Zuko's outburst in the meeting, the Fire Lord became very angry with him. [Flashback quickly ends.] He said the challenge against the general was an act of complete disrespect! And there was only one way to resolve this.	Ozai	referent
 Iroh	speaker	Iroh That's right. Zuko looked upon the old general he had insulted and declared that he was not afraid. But Zuko misunderstood. [Flashback shows an overview of the chamber; the camera cuts to show Zuko preparing for the Agni Kai.] When he turned to face his opponent, he was surprised to see it was not the general. [Flashback shows the tippet that was on Zuko's shoulders fall down to the ground.] Zuko had spoken out against the general's plan, but by doing so in the Fire Lord's war room, it was the Fire Lord whom he had disrespected. [Frontal shot of a surprised Zuko; as the camera zooms in on him, his expression changes to one of fear.] Zuko would have to duel his own father.	Zuko	referent
 Iroh	speaker	Iroh That's right. Zuko looked upon the old general he had insulted and declared that he was not afraid. But Zuko misunderstood. [Flashback shows an overview of the chamber; the camera cuts to show Zuko preparing for the Agni Kai.] When he turned to face his opponent, he was surprised to see it was not the general. [Flashback shows the tippet that was on Zuko's shoulders fall down to the ground.] Zuko had spoken out against the general's plan, but by doing so in the Fire Lord's war room, it was the Fire Lord whom he had disrespected. [Frontal shot of a surprised Zuko; as the camera zooms in on him, his expression changes to one of fear.] Zuko would have to duel his own father.	Ozai	referent
 Iroh	speaker	Iroh When Prince Zuko saw that it was his father who had come to duel him, he begged for mercy.	Zuko	referent
 Iroh	speaker	Iroh When Prince Zuko saw that it was his father who had come to duel him, he begged for mercy.	Ozai	referent
 Iroh	speaker	Iroh It was no accident. After the duel, the Fire Lord said that by refusing to fight, Zuko had shown shameful weakness. As punishment, he was banished and sent to capture the Avatar. Only then could he return with his honor.	Ozai	referent
 Iroh	speaker	Iroh It was no accident. After the duel, the Fire Lord said that by refusing to fight, Zuko had shown shameful weakness. As punishment, he was banished and sent to capture the Avatar. Only then could he return with his honor.	Zuko	referent
 Iroh	speaker	Iroh It was no accident. After the duel, the Fire Lord said that by refusing to fight, Zuko had shown shameful weakness. As punishment, he was banished and sent to capture the Avatar. Only then could he return with his honor.	Aang	referent
 Iroh	speaker	Iroh If you're fishing for an octopus my nephew, you need a tightly woven net, or he will squeeze through the tiniest hole and escape.	Zuko	referent
 Iroh	speaker	Iroh I'm sorry. I just nag you, because ... well, [Voice breaking slightly.] ever since I lost my son ...	Lu_Ten	referent
 Iroh	speaker	Iroh [With continuing disinterest and an air of skepticism.] Or it's just the celestial lights. We've been down this road before, Prince Zuko. [He looks at the tile in his hand, depicting the symbol of airbending.] I don't want you to get too excited over nothing. [He places it on a tile carrying the symbol of firebending and gestures toward the open place at the other side of the table while continuing in a relaxed voice.] Please, sit. Why don't you enjoy a cup of calming Jasmine tea?	Zuko	referent
 Iroh	speaker	Iroh I'm surprised Prince Zuko, surprised that you are not at this moment trying to capture the Avatar.	Zuko	referent
 Iroh	speaker	Iroh I'm surprised Prince Zuko, surprised that you are not at this moment trying to capture the Avatar.	Aang	referent
 Iroh	speaker	Iroh Excellent form, Prince Zuko.	Zuko	referent
 Iroh	speaker	Iroh So, the Blue Spirit. I wonder who could be behind that mask ...	Zuko	referent
 Iroh	speaker	Iroh I was just about to ask you the same thing. What do you plan to do now that you've found the Avatar's bison? Keep him locked in our new apartment? Should I go put on a pot of tea for him?	Aang	referent
 Iroh	speaker	Iroh [Starts yelling.] And then what!? You never think these things through! [Points at him.] This is exactly what happened when you captured the Avatar at the North Pole! You had him, and then you had nowhere to go!	Aang	referent
 Iroh	speaker	Iroh I'm begging you, Prince Zuko! It's time for you to look inward and begin asking yourself the big questions. Who are you, and what do you want?	Zuko	referent
 Iroh	speaker	Iroh You did the right thing. Letting the Avatar's bison go free.	Aang	referent
 Iroh	speaker	Iroh Zuko! [Rushes to him.]	Zuko	referent
 Iroh	speaker	Iroh You are going through a metamorphosis, my nephew. It will not be a pleasant experience, but when you come out of it, [Takes a cloth and wipes Zuko's head.] you will be the beautiful prince you were always meant to be.	Zuko	referent
 Iroh	speaker	Iroh Zuko, it's time we talked. [To Aang and Katara.] Go help your other friends. We'll catch up with you. [They walk away, Katara looks back at Zuko, who is looking sadly to the side, before moving on.]	Zuko	referent
 Iroh	speaker	Iroh You're not the man you used to be, Zuko. [Smiles.] You are stronger and wiser and freer than you have ever been. And now you have come to the crossroads of your destiny. [Close-up to Zuko's face.] It's time for you to choose. It's time for you to choose good.	Zuko	referent
 Iroh	speaker	Iroh Zuko, I am begging you. [Close-up of Zuko's face as he focuses from Azula back to Iroh.] Look into your heart and see what it is that you truly want. [Zuko resumes contemplating.]	Zuko	referent
 Iroh	speaker	Iroh You have more than one great-grandfather, Prince Zuko. Sozin was your father's grandfather. [Cut to a bewildered Zuko.] Your mother's grandfather was Avatar Roku.	Zuko	referent
 Iroh	speaker	Iroh You have more than one great-grandfather, Prince Zuko. Sozin was your father's grandfather. [Cut to a bewildered Zuko.] Your mother's grandfather was Avatar Roku.	Sozin	referent
 Iroh	speaker	Iroh You have more than one great-grandfather, Prince Zuko. Sozin was your father's grandfather. [Cut to a bewildered Zuko.] Your mother's grandfather was Avatar Roku.	Ozai	referent
 Iroh	speaker	Iroh You have more than one great-grandfather, Prince Zuko. Sozin was your father's grandfather. [Cut to a bewildered Zuko.] Your mother's grandfather was Avatar Roku.	Ursa	referent
 Iroh	speaker	Iroh You have more than one great-grandfather, Prince Zuko. Sozin was your father's grandfather. [Cut to a bewildered Zuko.] Your mother's grandfather was Avatar Roku.	Roku	referent
 Iroh	speaker	Iroh Because understanding the struggle between your two great-grandfathers can help you better understand the battle within yourself. [Zuko sits down, with his head facing down.] Evil and good are always at war inside you, Zuko. It is your nature, your legacy. But, there is a bright side. [Zuko looks up.] What happened generations ago can be resolved now, by you. Because of your legacy, you alone can cleanse the sins of our family and the Fire Nation. Born in you, along with all the strife, is the power to restore balance to the world.	Zuko	referent
 Iroh	speaker	IrohLooking up at Zuko. No. He wasn't.	Zuko	referent
 Iroh	speaker	IrohYou have more than one great-grandfather, Prince Zuko. Sozin was your father's grandfather. Cut to a bewildered Zuko. Your mother's grandfather was Avatar Roku.	than	referent
 Iroh	speaker	IrohYou have more than one great-grandfather, Prince Zuko. Sozin was your father's grandfather. Cut to a bewildered Zuko. Your mother's grandfather was Avatar Roku.	Sozin	referent
 Iroh	speaker	IrohYou have more than one great-grandfather, Prince Zuko. Sozin was your father's grandfather. Cut to a bewildered Zuko. Your mother's grandfather was Avatar Roku.	Zuko	referent
 Iroh	speaker	IrohYou have more than one great-grandfather, Prince Zuko. Sozin was your father's grandfather. Cut to a bewildered Zuko. Your mother's grandfather was Avatar Roku.	Roku	referent
 Iroh	speaker	IrohBecause understanding the struggle between your two great-grandfathers can help you better understand the battle within yourself. Zuko sits down, with his head facing down. Evil and good are always at war inside you, Zuko. It is your nature, your legacy. But, there is a bright side. Zuko looks up. What happened generations ago can be resolved now, by you. Because of your legacy, you alone can cleanse the sins of our family and the Fire Nation. Born in you, along with all the strife, is the power to restore balance to the world.	Zuko	referent
 Iroh	speaker	IrohThis is a royal artifact. It's supposed to be worn Zuko stands. by the Crown Prince.	Zuko	referent
 Jee	speaker	Jee I always thought that Prince Zuko was in a training accident.	Zuko	referent
 Jee	speaker	Jee So that's why he's so obsessed. Capturing the Avatar is the only chance he has of things returning to normal.	Aang	referent
 Jee	speaker	Iroh Things will never return to normal. But the important thing is the Avatar gives Zuko hope.	Aang	referent
 Jee	speaker	Iroh Things will never return to normal. But the important thing is the Avatar gives Zuko hope.	Zuko	referent
 Ozai	speaker	Ozai [Far off frontal shot of Zuko as Ozai's shadow and eventually his head come into view.] Rise and fight, Prince Zuko!	Zuko	referent
 Ozai	speaker	Ozai [Camera focuses on Zuko walking away, the Fire Lord in the background, now on his feet.] Coward! You think you're brave enough to face me, but you'll only do it during the eclipse. If you have any real courage, you'll stick around until the sun comes out. Don't you want to know what happened to your mother?	Ursa	referent
 Ozai	speaker	Ozai My father, Fire Lord Azulon, had commanded me to do the unthinkable to you, my own son, and I was going to do it. [Cuts to side-view of Zuko.]Your mother found out and swore she would protect you at any cost. [Camera focuses on Ozai.] She knew I wanted the throne and she proposed a plan, a plan in which I would become Fire Lord and your life would be spared.	Azulon	referent
 Ozai	speaker	Ozai My father, Fire Lord Azulon, had commanded me to do the unthinkable to you, my own son, and I was going to do it. [Cuts to side-view of Zuko.]Your mother found out and swore she would protect you at any cost. [Camera focuses on Ozai.] She knew I wanted the throne and she proposed a plan, a plan in which I would become Fire Lord and your life would be spared.	Ursa	referent
 Ozai	speaker	Ozai Your mother did vicious, treasonous things that night. She knew the consequences and accepted them. For her treason, she was banished.	Ursa	referent
 Zhao	speaker	Zhao Knock out the thief. I'll deliver him to the Fire Lord along with the Avatar.	Ozai	referent
 Zhao	speaker	Zhao Knock out the thief. I'll deliver him to the Fire Lord along with the Avatar.	Aang	referent
 Zhao	speaker	Zhao Quick! Recover the Avatar!	Aang	referent
 Zhao	speaker	Zhao [Close-up of Zhao's face.] Yes I did. [Zuko approaches Zhao as we see the giant energy form make its way toward the ocean.] You're the Blue Spirit, an enemy of the Fire Nation! You freed the Avatar.	B.S.Zuko	referent
 Zhao	speaker	Zhao [Close-up of Zhao's face.] Yes I did. [Zuko approaches Zhao as we see the giant energy form make its way toward the ocean.] You're the Blue Spirit, an enemy of the Fire Nation! You freed the Avatar.	Aang	referent
 Aang	speaker	Aang I'm sorry, Katara.	Katara	referent
 Aang	speaker	Aang [Looks at Zuko shocked, hearing these words, and thinks for a moment.] I think you are supposed to be my firebending teacher. When I first tried to learn firebending, I burned Katara, and after that, I never wanted to firebend again. But now I know you understand how easy it is to hurt the people you love. I'd like you to teach me. [Bows before Zuko.]	Katara	referent
 Aang	speaker	Aang Not so fast. I still have to ask my friends if it's okay with them. [To Toph.] Toph, you're the one that Zuko burned. What do you think?	Toph	referent
 Aang	speaker	Aang Not so fast. I still have to ask my friends if it's okay with them. [To Toph.] Toph, you're the one that Zuko burned. What do you think?	Zuko	referent
 Aang	speaker	Aang [Turning to Sokka.] Sokka?	Sokka	referent
 Aang	speaker	Aang [Approaching Katara.] Katara?	Katara	referent
 Aang	speaker	AangStill in present, but flashback playing still. I never saw Gyatso again. Flashback shows Aang and Appa through the storm, and how Aang got into the iceberg. Next thing I knew, I was waking up in your arms after you found me in the iceberg.	ying	referent
 Aang	speaker	AangTo Zuko. You know what the worst part of being born over a hundred years ago is? I miss all the friends I used to hang out with. Before the war started, I used to always visit my friend Kuzon. The two of us, we'd get in and out of so much trouble together. He was one of the best friends I ever had, and he was from the Fire Nation, just like you. If we knew each other back then, do you think we could have been friends, too?	Zuko	referent
 Aang	speaker	AangKatara! I'm so sorry!	Katara	referent
 Aang	speaker	AangIt was an accident! I was, uh... Katara, I'm so--	Katara	referent
 Aang	speaker	AangI'm sorry, I didn't ... Sokka runs off. I'm sorry! Jeong Jeong looks at Aang, displeased.	Sokka	referent
 Aang	speaker	AangDevastated. Gyatso.	Gyatso	referent
 Aang	speaker	AangClose-up of Zuko. Hey! Over here!	Zuko	referent
 Aang	speaker	AangWhy didn't you do something? Sokka was in trouble! I was in trouble! You could have gotten him out and helped us get away!	Sokka	referent
 Aang	speaker	AangI thought I was trying to be strong. But really I was just running away from my feelings. Seeing this family together, so full of happiness and love, it's reminded me how I feel about Appa ... and how I feel about you.	ying	referent
 Aang	speaker	AangI know. Thank you, Katara. You ready, Momo?	Than	referent
 Aang	speaker	AangI know. Thank you, Katara. You ready, Momo?	Katara	referent
 Aang	speaker	AangAppa's gone! Long Feng beat us here.	Long Feng	referent
 Aang	speaker	AangHappily crying. I missed you, buddy.	ying	referent
 Aang	speaker	AangComing out of his meditation. What? Why would I let go of Katara? I ... I love her!	Katara	referent
 Aang	speaker	AangWhy would I choose cosmic energy over Katara? Aang throws his hands up. How could it be a bad thing that I feel an attachment to her? Three chakras ago that was a good thing!	Katara	referent
 Aang	speaker	AangWhy would I choose cosmic energy over Katara? Aang throws his hands up. How could it be a bad thing that I feel an attachment to her? Three chakras ago that was a good thing!	Aang	referent
 Aang	speaker	AangI'm sorry, but I can't let go of Katara.	Katara	referent
 Aang	speaker	AangKatara's in danger! I have to go! Prepares to exit.	Katara	referent
 Aang	speaker	AangI'm not gonna make it. I failed. Within the lightning strikes, the spirit of Roku appears before Aang. Roku?	Aang	referent
 Aang	speaker	AangI'm not gonna make it. I failed. Within the lightning strikes, the spirit of Roku appears before Aang. Roku?	Roku	referent
 Aang	speaker	AangRoku? Roku!	Roku	referent
 Aang	speaker	AangCut to Aang from the side, with Sokka standing near him. No, that's wrong. I don't think that was the point of what Roku showed me at all.	Aang	referent
 Aang	speaker	AangCut to Aang from the side, with Sokka standing near him. No, that's wrong. I don't think that was the point of what Roku showed me at all.	Sokka	referent
 Aang	speaker	AangCut to Aang from the side, with Sokka standing near him. No, that's wrong. I don't think that was the point of what Roku showed me at all.	Roku	referent
 Aang	speaker	AangCut to Katara, Toph and Sokka from the behind, as Aang speaks. Roku was just as much Fire Nation as Sozin was, right? If anything, their story proves anyone's capable of great good and great evil. Cut to an aerial shot of the hardened lava wave. Everyone, even the Fire Lord and the Fire Nation have to be treated like they're worth giving a chance. Shot cuts to a close-up of Aang's face. And I also think it was about friendships.	Katara	referent
 Aang	speaker	AangCut to Katara, Toph and Sokka from the behind, as Aang speaks. Roku was just as much Fire Nation as Sozin was, right? If anything, their story proves anyone's capable of great good and great evil. Cut to an aerial shot of the hardened lava wave. Everyone, even the Fire Lord and the Fire Nation have to be treated like they're worth giving a chance. Shot cuts to a close-up of Aang's face. And I also think it was about friendships.	Toph	referent
 Aang	speaker	AangCut to Katara, Toph and Sokka from the behind, as Aang speaks. Roku was just as much Fire Nation as Sozin was, right? If anything, their story proves anyone's capable of great good and great evil. Cut to an aerial shot of the hardened lava wave. Everyone, even the Fire Lord and the Fire Nation have to be treated like they're worth giving a chance. Shot cuts to a close-up of Aang's face. And I also think it was about friendships.	Sokka	referent
 Aang	speaker	AangCut to Katara, Toph and Sokka from the behind, as Aang speaks. Roku was just as much Fire Nation as Sozin was, right? If anything, their story proves anyone's capable of great good and great evil. Cut to an aerial shot of the hardened lava wave. Everyone, even the Fire Lord and the Fire Nation have to be treated like they're worth giving a chance. Shot cuts to a close-up of Aang's face. And I also think it was about friendships.	Roku	referent
 Aang	speaker	AangCut to Katara, Toph and Sokka from the behind, as Aang speaks. Roku was just as much Fire Nation as Sozin was, right? If anything, their story proves anyone's capable of great good and great evil. Cut to an aerial shot of the hardened lava wave. Everyone, even the Fire Lord and the Fire Nation have to be treated like they're worth giving a chance. Shot cuts to a close-up of Aang's face. And I also think it was about friendships.	Sozin	referent
 Aang	speaker	AangCut to Katara, Toph and Sokka from the behind, as Aang speaks. Roku was just as much Fire Nation as Sozin was, right? If anything, their story proves anyone's capable of great good and great evil. Cut to an aerial shot of the hardened lava wave. Everyone, even the Fire Lord and the Fire Nation have to be treated like they're worth giving a chance. Shot cuts to a close-up of Aang's face. And I also think it was about friendships.	Aang	referent
 Aang	speaker	AangNo, Katara! There's still so much I haven't learned. I don't need sleep. What I need is practice. Quick, hit me! He begins to wobble.	Katara	referent
 Aang	speaker	AangYou really think so? Katara nods.	Katara	referent
 Aang	speaker	AangThanks, guys. He nods, yawns, and rubs his eyes. Katara aids him to the bed, where he lies down. You know what? I think I am ready. The other three watch as he falls asleep quickly. He falls into another dream, meeting with Ozai again. Your days of tyranny are over, Fire Lord!	Than	referent
 Aang	speaker	AangThanks, guys. He nods, yawns, and rubs his eyes. Katara aids him to the bed, where he lies down. You know what? I think I am ready. The other three watch as he falls asleep quickly. He falls into another dream, meeting with Ozai again. Your days of tyranny are over, Fire Lord!	Katara	referent
 Aang	speaker	AangThanks, guys. He nods, yawns, and rubs his eyes. Katara aids him to the bed, where he lies down. You know what? I think I am ready. The other three watch as he falls asleep quickly. He falls into another dream, meeting with Ozai again. Your days of tyranny are over, Fire Lord!	Ozai	referent
 Aang	speaker	AangI'm ready. Sokka and Aang shake hands and the group hugs.	Sokka	referent
 Aang	speaker	AangI'm ready. Sokka and Aang shake hands and the group hugs.	Aang	referent
 Aang	speaker	AangTurning to see Katara. Katara, I ...	Katara	referent
 Aang	speaker	AangI can't believe I'm saying this, but ... thanks, Zuko.	ying	referent
 Aang	speaker	AangI can't believe I'm saying this, but ... thanks, Zuko.	than	referent
 Aang	speaker	AangI can't believe I'm saying this, but ... thanks, Zuko.	Zuko	referent
 Aang	speaker	AangLooks at Zuko shocked, hearing these words, and thinks for a moment. I think you are supposed to be my firebending teacher. When I first tried to learn firebending, I burned Katara, and after that, I never wanted to firebend again. But now I know you understand how easy it is to hurt the people you love. I'd like you to teach me. Bows before Zuko.	Katara	referent
 Aang	speaker	AangLooks at Zuko shocked, hearing these words, and thinks for a moment. I think you are supposed to be my firebending teacher. When I first tried to learn firebending, I burned Katara, and after that, I never wanted to firebend again. But now I know you understand how easy it is to hurt the people you love. I'd like you to teach me. Bows before Zuko.	Zuko	referent
 Aang	speaker	AangNot so fast. I still have to ask my friends if it's okay with them. To Toph. Toph, you're the one that Zuko burned. What do you think?	Toph	referent
 Aang	speaker	AangNot so fast. I still have to ask my friends if it's okay with them. To Toph. Toph, you're the one that Zuko burned. What do you think?	Zuko	referent
 Aang	speaker	AangTurning to Sokka. Sokka?	Sokka	referent
 Aang	speaker	AangApproaching Katara. Katara?	Katara	referent
 Aang	speaker	AangLooking at Zuko. So your uncle lied.	Zuko	referent
 Aang	speaker	AangCut to Aang. All this time, I thought firebending was destruction. Since I hurt Katara, I've been too afraid and hesitant. But now I know what it really is ... it's energy, and life. He smiles.	Aang	referent
 Aang	speaker	AangCut to Aang. All this time, I thought firebending was destruction. Since I hurt Katara, I've been too afraid and hesitant. But now I know what it really is ... it's energy, and life. He smiles.	Katara	referent
 Aang	speaker	AangSide-view. A lion turtle! Frontal view. Bows to it. Frontal view of Lion turtle. Maybe you can help me. Everyone, even my own past lives, are expecting me to end someone's life. Frontal view. But I don't know if I can do it.	Lion turtle	referent
 Aang	speaker	AangWith the voices of all previous Avatars. Fire Lord Ozai, you and your forefathers have devastated the balance of this world, and now you shall pay the ultimate price! Aang, under control of his past lives, combines all four elements together for his final attack. At the last second, however, he manages to regain control; he comes out of the Avatar State, lets his attack die out, and floats to the ground, freeing Ozai in the process. He now speaks in his normal voice. No, I'm not gonna end it like this.	Aang	referent
 Aang	speaker	AangWith the voices of all previous Avatars. Fire Lord Ozai, you and your forefathers have devastated the balance of this world, and now you shall pay the ultimate price! Aang, under control of his past lives, combines all four elements together for his final attack. At the last second, however, he manages to regain control; he comes out of the Avatar State, lets his attack die out, and floats to the ground, freeing Ozai in the process. He now speaks in his normal voice. No, I'm not gonna end it like this.	Ozai	referent
 Katara	speaker	Katara Aang!	Aang	referent
 Katara	speaker	Katara Aang, I knew you would come. [She hugs Aang again.]	Aang	referent
 Katara	speaker	Katara [Close-up side-view of Zuko.] Zuko, you're sorry for what you did, right?	Zuko	referent
 Katara	speaker	KataraThat's awful, Aang. I don't know what to say.	Aang	referent
 Katara	speaker	KataraAang ...	Aang	referent
 Katara	speaker	KataraAang, that's great, but you should take it slow.	Aang	referent
 Katara	speaker	KataraAang, you'll hurt yourself!	Aang	referent
 Katara	speaker	KataraConfidently while countering his fire blasts. Trust me Zuko, it's not going to be much of a match.	Zuko	referent
 Katara	speaker	KataraThen let's get out of here. Zuko will leave Kyoshi to follow us. I know it feels wrong to run, but I think it's the only way.	Zuko	referent
 Katara	speaker	KataraWorried. How's Aang gonna make it out of this?	Aang	referent
 Katara	speaker	KataraWe found the sailer abandoned in the desert. We're traveling with the Avatar. She gestures at Aang. The leader's eyes widen a bit at this information. Our bison was stolen and we have to get to Ba Sing Se.	Aang	referent
 Katara	speaker	KataraYou're doing great, Ying. Sokka, where's that water? Now get ready to push. One ... two ... Sokka enters. ... three, push!	Ying	referent
 Katara	speaker	KataraYou're doing great, Ying. Sokka, where's that water? Now get ready to push. One ... two ... Sokka enters. ... three, push!	Sokka	referent
 Katara	speaker	KataraAang, you have to come see this.	Aang	referent
 Katara	speaker	KataraYou'll find him, Aang.	Aang	referent
 Katara	speaker	KataraYou mean, after all Roku and Sozin went through together, even after Roku showed him mercy, Sozin betrayed him like that‌?	Roku	referent
 Katara	speaker	KataraYou mean, after all Roku and Sozin went through together, even after Roku showed him mercy, Sozin betrayed him like that‌?	Sozin	referent
 Katara	speaker	KataraConcerned. Aang ...	Aang	referent
 Katara	speaker	KataraApproaching Aang, placing a hand on his shoulder. Listen to me. You've been training for this since the day we met. Moves behind him, talking over his shoulder. I've seen your progress. You're smart, brave, and strong enough.	Aang	referent
 Katara	speaker	KataraSpeaking at the same time. Aang, I ...	Aang	referent
 Katara	speaker	KataraWe've been through so many things together, and I've seen you grow up so much. You're not that little goofy kid I found in the iceberg anymore. Aang blushes. I guess what I'm trying to say is, I'm really proud of you.	Aang	referent
 Katara	speaker	KataraWe've been through so many things together, and I've seen you grow up so much. You're not that little goofy kid I found in the iceberg anymore. Aang blushes. I guess what I'm trying to say is, I'm really proud of you.	ying	referent
 Katara	speaker	KataraAang, don't say that, of course you'll- Katara is cut off as Aang kisses her. After the kiss, Katara blushes and stares sadly after Aang as he confidently snaps his glider and flies away.	Katara	referent
 Katara	speaker	KataraAang, don't say that, of course you'll- Katara is cut off as Aang kisses her. After the kiss, Katara blushes and stares sadly after Aang as he confidently snaps his glider and flies away.	Aang	referent
 Katara	speaker	KataraGlares at Zuko for a moment and Zuko starts to sweat; reluctantly. I'll go along with whatever you think is right. Aang smiles.	Zuko	referent
 Katara	speaker	KataraGlares at Zuko for a moment and Zuko starts to sweat; reluctantly. I'll go along with whatever you think is right. Aang smiles.	Aang	referent
 Sokka	speaker	Sokka [Shrugging.] Hey, all I want is to defeat the Fire Lord. If you think this is the way to do it, then, I'm all for it.	Ozai	referent
 Sokka	speaker	SokkaConcerned. Katara, what's wrong? Angrily. What did you do?!	Katara	referent
 Sokka	speaker	SokkaSarcastically. Yeah, this makes a lot of sense. Let's bring the guy who's constantly trying to kill us.	ying	referent
 Sokka	speaker	SokkaHappily. Hey, Aang! You find my dinner yet? Cut to a side-view of Aang sitting on his knees, his head cupped in his hands. Sokka walks toward him. Reassuring. Aang, I wasn't really going to eat the lemur, okay? He approaches Aang with a smile on his face, but shakes his head and does a double take. Oh, man. Switch to a shot of the skeleton of the monk, which slowly moves back to reveal that Sokka places a hand on Aang's shoulder. Come on, Aang. Everything will be all right. Let's get out of here.	Sokka	referent
 Sokka	speaker	SokkaHappily. Hey, Aang! You find my dinner yet? Cut to a side-view of Aang sitting on his knees, his head cupped in his hands. Sokka walks toward him. Reassuring. Aang, I wasn't really going to eat the lemur, okay? He approaches Aang with a smile on his face, but shakes his head and does a double take. Oh, man. Switch to a shot of the skeleton of the monk, which slowly moves back to reveal that Sokka places a hand on Aang's shoulder. Come on, Aang. Everything will be all right. Let's get out of here.	Aang	referent
 Sokka	speaker	SokkaAang, this is bad, you've got to get me out of here!	Aang	referent
 Sokka	speaker	SokkaThis is really bad! Please Aang, you have to earthbend me out, there's no other way!	Aang	referent
 Sokka	speaker	SokkaNo, no, I'm good this time. Toph and Sokka enter the tent.	Toph	referent
 Sokka	speaker	SokkaNo, no, I'm good this time. Toph and Sokka enter the tent.	Sokka	referent
 Sokka	speaker	SokkaKatara, what are you doing? It's time to submerge.	Katara	referent
 FNSoldier	speaker	Fire Nation Soldier Sir, maybe he thought you left without him.	Zuko	referent
 FNSoldier	speaker	Fire Nation Soldier It looks like there's been a landslide, sir.	Zuko	referent
 Old_Man	speaker	Old man Liar! I heard of you! You're not a prince, you're an outcast! His own father burned and disowned him!	Ozai	referent
 Ursa	speaker	Ursa Zuko, please, my love, listen to me. Everything I've done, I've done to protect you.	Zuko	referent
 Azula	speaker	Azula No one knows. Oh, and last night, Grandpa passed away.	Azulan	referent
 Azula	speaker	Azula [Tauntingly.] Who's going to make me? Mom?	Ursa	referent
 Azula	speaker	Azula I expected this kind of treachery from Uncle. [Cut to Iroh, still trapped in crystals. Cut to a side shot, where Zuko protects his uncle.] But Zuko, Prince Zuko, you're a lot of things, but you're not a traitor, are you?	Iroh	referent
 Azula	speaker	Azula I expected this kind of treachery from Uncle. [Cut to Iroh, still trapped in crystals. Cut to a side shot, where Zuko protects his uncle.] But Zuko, Prince Zuko, you're a lot of things, but you're not a traitor, are you?	Zuko	referent
 Azula	speaker	Azula It's not too late for you, Zuko. You can still redeem yourself.	Zuko	referent
 Azula	speaker	Azula Why don't you let him decide, Uncle? [To Zuko.] I need you, Zuko. I've plotted every move of this day, [Makes a fist.] this glorious day in Fire Nation history, and the only way we win is together. At the end of this day, you will have your honor back. You will have Father's love. You will have everything you want.	Iroh	referent
 Azula	speaker	Azula Why don't you let him decide, Uncle? [To Zuko.] I need you, Zuko. I've plotted every move of this day, [Makes a fist.] this glorious day in Fire Nation history, and the only way we win is together. At the end of this day, you will have your honor back. You will have Father's love. You will have everything you want.	Zuko	referent
 Azula	speaker	Azula Why don't you let him decide, Uncle? [To Zuko.] I need you, Zuko. I've plotted every move of this day, [Makes a fist.] this glorious day in Fire Nation history, and the only way we win is together. At the end of this day, you will have your honor back. You will have Father's love. You will have everything you want.	Ozai	referent
 Azula	speaker	Azula We've done it, Zuko. It's taken a hundred years, but the Fire Nation has conquered Ba Sing Se.	Zuko	referent
 Azula	speaker	Azula No, he betrayed you. [She stands up from the throne.] Zuko, when you return home, Father will welcome you as a war hero.	Zuko	referent
 Azula	speaker	Azula No, he betrayed you. [She stands up from the throne.] Zuko, when you return home, Father will welcome you as a war hero.	Ozai	referent
 Azula	speaker	Azula He doesn't need to, Zuko. [She puts a hand on Zuko's shoulder.] Today, you restored your own honor.	Zuko	referent
 Azula	speaker	Azula [Frontal view.] Is it Dad?	Ozai	referent
 Azula	speaker	Azula [Camera pans left, past Ty Lee, to Azula.] Answer the question, Zuko.	Zuko	referent
 Pathik	speaker	PathikThe Thought Chakra is located at the crown of the head. It deals with pure cosmic energy, and is blocked by earthly attachment. Meditate on what attaches you to this world. Images of Katara appear before Aang. Now, let all of those attachments go. Let them flow down the river, forgotten.	Katara	referent
 Pathik	speaker	PathikThe Thought Chakra is located at the crown of the head. It deals with pure cosmic energy, and is blocked by earthly attachment. Meditate on what attaches you to this world. Images of Katara appear before Aang. Now, let all of those attachments go. Let them flow down the river, forgotten.	Aang	referent
 Pathik	speaker	PathikYou must learn to let go. Aang contemplates worriedly.	Aang	referent
 Pathik	speaker	PathikAang, to master the Avatar State, you must open all the chakras. Surrender yourself.	Aang	referent
 Pathik	speaker	PathikNo, Aang! By choosing attachment, you have locked the chakra! If you leave now, you won't be able to go into the Avatar State at all!	Aang	referent
 Ty_Lee	speaker	Ty Lee [Frontal view of Azula and Ty Lee from behind Zuko. Apologetically.] Sorry, Zuko, I ...	Zuko	referent
 Ty_Lee	speaker	Ty Lee [Frontal view.] Your uncle?	Iroh	referent
 Mai	speaker	Mai [Side-view of the three girls.] Yeah, who are you angry at, Zuko?	Zuko	referent
 Toph	speaker	TophJust enjoying the show.	ying	referent
 Toph	speaker	TophSay hi to that big fuzzball for me. Punches Aang in the arm.	Aang	referent
 Toph	speaker	TophNotices Aang's damaged staff has washed ashore. Hey! What's ... oh, it's your glider.	Aang	referent
 Toph	speaker	TophCut to Toph. It's like these people are born bad.	Toph	referent
 Toph	speaker	TophYou want me to do it? Sokka nudges her back.	Sokka	referent
 FSage	speaker	Fire Sage [Puts the Fire Lord headpiece into Zuko's top knot.] All hail Fire Lord Zuko! [Everyone cheers again. Zuko rises.]	Zuko	referent
 Gyatso	speaker	GyatsoAang needs to have freedom and fun. He needs to grow up as a normal boy.	Aang	referent
 Gyatso	speaker	GyatsoAang, I'm not going to let them take you away from me. Aang? Gyatso is shown opening the door more, spotting the scroll, and opening it up. He gasps, and sees a storm coming outside the window.	Aang	referent
 Pasang	speaker	PasangGyatso, I know you mean well, but you are letting your affection for the boy cloud your judgment.	Gyatso	referent
 Roku	speaker	RokuI have something very important to tell you, Aang. That is why, when you were in the Spirit World, I sent my dragon to find you.	Aang	referent
 Roku	speaker	RokuOne hundred years ago, Viewers see a visual of a comet in the dark sky. Fire Lord Sozin used that comet to begin the War. He and his firebending army harnessed its incredible power, and dealt a deadly first strike against the other nations.	Sozin	referent
 Roku	speaker	RokuClose-up. Yes. Stronger than you could even imagine.	than	referent
 Roku	speaker	RokuListen carefully. Viewers see silhouette of Fire Lord Ozai standing amid flames, fists taut. Sozin's Comet will return by the end of this summer, and Fire Lord Ozai will use its power to finish the War, once and for all. Visual and audio of Ozai's silhouette roaring upward, fire streaming from his mouth. If he succeeds, even the Avatar won't be able to restore balance to the world. Aang. You must defeat the Fire Lord, before the comet arrives.	Sozin	referent
 Roku	speaker	RokuListen carefully. Viewers see silhouette of Fire Lord Ozai standing amid flames, fists taut. Sozin's Comet will return by the end of this summer, and Fire Lord Ozai will use its power to finish the War, once and for all. Visual and audio of Ozai's silhouette roaring upward, fire streaming from his mouth. If he succeeds, even the Avatar won't be able to restore balance to the world. Aang. You must defeat the Fire Lord, before the comet arrives.	Ozai	referent
 Roku	speaker	RokuListen carefully. Viewers see silhouette of Fire Lord Ozai standing amid flames, fists taut. Sozin's Comet will return by the end of this summer, and Fire Lord Ozai will use its power to finish the War, once and for all. Visual and audio of Ozai's silhouette roaring upward, fire streaming from his mouth. If he succeeds, even the Avatar won't be able to restore balance to the world. Aang. You must defeat the Fire Lord, before the comet arrives.	Aang	referent
 Roku	speaker	RokuMastering the elements takes years of discipline and practice. But if the world is to survive, you must do it by summer's end. Close-up of a shocked Aang.	Aang	referent
 Roku	speaker	Roku know you can do it Aang. Close-up of half his face. For you have done it before. Close-up of half of Aang's now-smiling face. The solstice is ending. We must go our separate ways, for now.	Aang	referent
 Roku	speaker	RokuYou haven't failed, Aang.	Aang	referent
 Roku	speaker	RokuMake sense of our past, Aang. Cut to Roku and Aang. And you will bring peace, and restore balance in the world. He slowly disappears.	Roku	referent
 Roku	speaker	RokuMake sense of our past, Aang. Cut to Roku and Aang. And you will bring peace, and restore balance in the world. He slowly disappears.	Aang	referent
 Ghashiun	speaker	GhashiunThey're lying! They're the thieves!	ying	referent
 Sozin	speaker	SozinWithout you, all my plans are suddenly possible. Cut to Roku. I have a vision for the future, Roku.	Roku	referent
 Sozin	speaker	SozinWith Roku gone, and the great comet returning, the timing was perfect to change the world. Cut to Sozin, standing on a balcony, from the behind, looking at his soldiers and the Fire Navy ships. I knew the next Avatar would be born an Air Nomad. So I wiped out the Air Temples. Scene changes to a burning temple. The camera slowly fades into an extreme close-up of Sozin's face. But somehow, the new Avatar eluded me. Scene changes to Fire Navy ships searching in the polar regions. I wasted the remainder of my life searching in vain. Cut to underside of the ship. I know he's hiding out there somewhere. Camera pans below to show the iceberg Aang was trapped in. The Fire Nation's greatest threat ... the last airbender.	Roku	referent
 Sozin	speaker	SozinWith Roku gone, and the great comet returning, the timing was perfect to change the world. Cut to Sozin, standing on a balcony, from the behind, looking at his soldiers and the Fire Navy ships. I knew the next Avatar would be born an Air Nomad. So I wiped out the Air Temples. Scene changes to a burning temple. The camera slowly fades into an extreme close-up of Sozin's face. But somehow, the new Avatar eluded me. Scene changes to Fire Navy ships searching in the polar regions. I wasted the remainder of my life searching in vain. Cut to underside of the ship. I know he's hiding out there somewhere. Camera pans below to show the iceberg Aang was trapped in. The Fire Nation's greatest threat ... the last airbender.	Sozin	referent
 Sozin	speaker	SozinWith Roku gone, and the great comet returning, the timing was perfect to change the world. Cut to Sozin, standing on a balcony, from the behind, looking at his soldiers and the Fire Navy ships. I knew the next Avatar would be born an Air Nomad. So I wiped out the Air Temples. Scene changes to a burning temple. The camera slowly fades into an extreme close-up of Sozin's face. But somehow, the new Avatar eluded me. Scene changes to Fire Navy ships searching in the polar regions. I wasted the remainder of my life searching in vain. Cut to underside of the ship. I know he's hiding out there somewhere. Camera pans below to show the iceberg Aang was trapped in. The Fire Nation's greatest threat ... the last airbender.	Aang	referent
 Hakoda	speaker	HakodaEveryone listen up. Team Avatar comes out of the hug. The next time we resurface, it'll be on the beaches. So stay alert, and fight smart. Now break time's over, back in the subs. Sokka, Toph, and Momo leave Katara and Aang standing alone together.	Sokka	referent
 Hakoda	speaker	HakodaEveryone listen up. Team Avatar comes out of the hug. The next time we resurface, it'll be on the beaches. So stay alert, and fight smart. Now break time's over, back in the subs. Sokka, Toph, and Momo leave Katara and Aang standing alone together.	Toph	referent
 Hakoda	speaker	HakodaEveryone listen up. Team Avatar comes out of the hug. The next time we resurface, it'll be on the beaches. So stay alert, and fight smart. Now break time's over, back in the subs. Sokka, Toph, and Momo leave Katara and Aang standing alone together.	Katara	referent
 Hakoda	speaker	HakodaEveryone listen up. Team Avatar comes out of the hug. The next time we resurface, it'll be on the beaches. So stay alert, and fight smart. Now break time's over, back in the subs. Sokka, Toph, and Momo leave Katara and Aang standing alone together.	Aang	referent
 Sun_Warrior_chief	speaker	Sun Warrior chiefCut to the smiling chief from the side. Actually, it wasn't a total lie. Iroh was the last outsider to face the masters. Raising his hand above slightly. They deemed him worthy and passed the secret onto him as well.	Iroh	referent
 Lion_turtle	speaker	Lion turtleFrontal view of the lion turtle's face from behind Aang. The lion turtle's mouth is not moving, yet it is speaking to Aang. The true mind can weather all the lies and illusions without being lost. The true heart can tough the poison of hatred without being harmed. Extreme close-up of its left eye. Since beginningless time, Side-view of the lion turtle as it lifts it's other paw out of the water and moves it toward Aang. darkness thrives in the void but always yields to purifying light.	lion turtle	referent
 Lion_turtle	speaker	Lion turtleFrontal view of the lion turtle's face from behind Aang. The lion turtle's mouth is not moving, yet it is speaking to Aang. The true mind can weather all the lies and illusions without being lost. The true heart can tough the poison of hatred without being harmed. Extreme close-up of its left eye. Since beginningless time, Side-view of the lion turtle as it lifts it's other paw out of the water and moves it toward Aang. darkness thrives in the void but always yields to purifying light.	Aang	referent
 Lion_turtle	speaker	Lion turtleFrontal view of the lion turtle's face from behind Aang. The lion turtle's mouth is not moving, yet it is speaking to Aang. The true mind can weather all the lies and illusions without being lost. The true heart can tough the poison of hatred without being harmed. Extreme close-up of its left eye. Since beginningless time, Side-view of the lion turtle as it lifts it's other paw out of the water and moves it toward Aang. darkness thrives in the void but always yields to purifying light.	ying	referent
 Lion_turtle	speaker	Lion turtleAang remembering. To bend another's energy, your own spirit must be unbendable or you will be corrupted and destroyed.	Aang	referent
